kmer,count1,count2,count3,count4,count5,count6,count7,count8,count9,count10,count11,count12,count13,count14,count15,count16,count17,count18,count19,count20,count21,count22,count23,count24,count25,count26,count27,count28,count29,count30,count31,count32,count33,count34,count35,count36,count37,count38,count39,count40,count41,count42,count43,count44,count45,count46,count47,count48,count49,count50,count51,count52,count53,count54,count55,count56,count57,count58,count59,count60,count61,count62,count63,count64,count65,count66,count67,count68,count69,count70,count71,count72,count73,count74,count75,count76,count77,count78,count79,count80,count81,count82,count83,count84,count85,count86,count87,count88,count89,count90,count91,count92,count93,count94,count95,count96,count97,count98,count99,count100,count101,count102,count103,count104,count105,count106,count107,count108,count109,count110,count111,count112,count113,count114,count115,count116,count117,count118,count119,count120,count121,count122,count123,count124,count125
aagctt,0,0,0,0,0,0,0,0,2,0,0,0,0,0,0,0,0,0,0,0,0,0,0,0,0,0,0,2,0,2,0,0,0,0,0,0,0,2,2,0,0,0,0,0,0,0,0,0,1,2,0,0,0,0,0,0,0,0,0,0,0,0,0,0,0,0,0,0,0,0,0,0,0,0,0,0,0,0,0,0,0,0,0,0,0,0,0,2,0,0,0,0,0,0,0,0,0,0,0,0,0,0,0,0,0,0,0,0,0,0,0,0,0,0,0,0,0,0,0,0,0,0,0,0,0
accggc,-2,-5,-2,-10,-3,-4,-3,-10,-3,-3,-8,-5,-3,-3,-8,-9,-10,-4,-4,-4,-4,-4,-4,-4,-3,-2,-4,0,-7,0,-3,-3,-3,-4,-4,-8,-8,-3,-3,-8,-4,-8,-8,-8,-8,-8,-8,-8,-5,-3,-4,-4,-8,-4,-8,-5,-5,-4,-8,-5,-6,-7,-2,-9,-9,-9,-9,-9,-5,-8,-1,-4,-4,-4,-4,-8,-3,-2,-10,-8,0,-7,-4,-8,-10,-8,-8,-3,-8,-3,-4,-9,-8,-8,-6,-3,-3,-3,-3,-3,-3,-4,-3,-3,-3,-8,-3,-2,-8,-8,-4,0,-8,-8,-8,-8,-8,-5,-4,-2,-2,-2,0,-2,0
accggt,-7,-7,-7,-6,-4,-4,-7,-6,-2,-4,-5,-4,-5,-6,-3,-8,-6,-5,-5,-5,-5,-5,-5,-5,-6,-7,-5,-3,-5,-3,-3,-3,-3,-5,-5,-5,-5,0,0,-5,-5,-5,-5,-5,-5,-5,-5,-5,-5,-2,-5,-5,-5,-6,-5,-4,-4,-4,-5,-3,-5,-3,-7,-6,-6,-6,-6,-6,-4,-5,-3,-5,-5,-5,-5,-5,-7,-7,-6,-5,-2,-5,-5,-5,-6,-5,-5,-2,-5,-7,-5,-5,-5,-5,-5,-7,-7,-7,-7,-7,-7,-7,-7,-7,-7,-5,-5,-7,-4,-5,-5,-1,-5,-5,-5,-5,-5,-5,-5,-7,-7,-3,0,-7,-4
atgcat,-1,-1,-1,-1,-1,-3,-1,-1,-2,-1,-1,-1,-1,-1,-2,-1,-1,-3,-3,-3,-3,-3,-3,-3,-3,-1,-3,-3,-1,-3,-2,-2,-2,-3,-3,-1,-1,-3,-3,-1,-3,-1,-1,-1,-1,-1,-1,-1,0,-2,-3,-3,-1,-3,-1,-1,-1,-3,-1,-2,-1,0,-1,-1,-1,-1,-1,-1,-1,-1,-3,-3,-3,-3,-3,-1,-1,-1,-1,-1,-3,-1,-3,-1,-1,-1,-2,-2,-1,-1,-3,-1,-1,-1,-1,-1,-1,-1,-1,-1,-1,-1,-1,-1,-1,-1,-2,-1,0,-1,-3,-3,-1,-1,-1,-1,-1,-2,-2,-1,-1,-1,-3,-1,-1
cagctg,-7,-13,-7,-15,-9,-11,-8,-15,-13,-9,-13,-8,-10,-10,-14,-13,-15,-13,-13,-13,-13,-13,-13,-13,-11,-7,-13,-12,-12,-12,-8,-8,-8,-13,-13,-13,-13,-11,-11,-13,-13,-13,-13,-13,-13,-13,-13,-13,-7,-13,-13,-13,-13,-13,-13,-10,-10,-12,-13,-14,-12,-11,-7,-14,-14,-14,-14,-14,-8,-13,-14,-13,-13,-13,-13,-13,-8,-7,-15,-13,-9,-12,-13,-13,-15,-13,-14,-13,-13,-8,-13,-16,-13,-13,-11,-8,-8,-8,-8,-8,-8,-8,-8,-8,-8,-13,-11,-7,-14,-13,-13,-13,-13,-13,-13,-13,-13,-12,-9,-7,-7,-6,-10,-7,-5
ccaagg,0,0,0,0,0,0,0,0,1,0,0,0,0,0,0,0,0,0,0,0,0,0,0,0,0,0,0,1,0,1,0,0,0,0,0,0,0,1,1,0,0,0,0,0,0,0,0,0,0,1,0,0,0,0,0,0,0,0,0,0,0,0,0,0,0,0,0,0,0,0,0,0,0,0,0,0,0,0,0,0,0,0,0,0,0,0,0,1,0,0,0,0,0,0,0,0,0,0,0,0,0,0,0,0,0,0,0,0,0,0,0,0,0,0,0,0,0,0,0,0,0,0,2,0,0
ccatgg,0,0,0,0,0,0,0,0,1,0,0,0,0,0,2,0,0,0,0,0,0,0,0,0,0,0,0,1,0,1,0,0,0,0,0,0,0,1,1,0,0,0,0,0,0,0,0,0,0,1,0,0,0,0,0,0,0,0,0,0,0,0,0,0,0,0,0,0,0,0,2,0,0,0,0,0,0,0,0,0,0,0,0,0,0,0,0,1,0,0,0,0,0,0,0,0,0,0,0,0,0,0,0,0,0,0,0,0,0,0,0,1,0,0,0,0,0,0,0,0,0,0,4,0,0
cccgcc,3,0,2,3,2,2,2,3,3,3,4,3,4,4,3,2,2,2,2,2,2,2,2,2,2,2,2,4,4,4,2,2,3,2,2,4,4,5,5,4,2,4,4,4,4,4,4,4,2,3,2,2,4,2,4,4,4,2,3,2,2,3,2,3,3,3,3,3,3,4,2,2,2,2,2,4,2,2,3,4,2,4,2,4,3,4,3,3,4,2,2,3,4,4,4,2,2,2,2,2,2,2,2,2,2,4,1,2,3,4,2,2,4,4,4,4,4,2,2,2,2,3,6,2,3
cccgcg,-1,0,-1,0,0,0,-1,0,0,0,0,0,0,0,0,1,-1,0,0,0,0,0,0,0,1,-1,0,0,0,0,-1,-1,-1,0,0,0,0,-1,-1,0,0,0,0,0,0,0,0,0,0,0,0,0,-1,0,0,0,0,0,0,0,-1,-2,-1,0,0,0,0,0,0,0,0,0,0,0,0,0,-1,-1,0,0,0,0,0,0,0,0,0,0,0,-1,0,0,0,0,0,-1,-1,-1,-1,-1,-1,-1,-1,-1,-1,0,0,-1,0,0,0,1,0,0,0,0,0,0,2,-1,-1,0,1,-1,0
cccggc,3,1,4,1,3,3,3,1,3,3,3,2,3,3,4,2,2,4,4,4,4,4,4,4,3,3,4,3,3,3,1,1,1,4,4,3,3,5,5,3,4,3,3,3,3,3,3,3,1,3,4,4,3,4,3,3,3,4,3,3,3,1,3,2,2,2,2,2,2,3,7,4,4,4,4,3,3,5,1,3,4,3,4,3,1,3,3,3,3,3,4,3,3,3,3,3,3,3,3,3,3,3,3,3,3,3,3,3,2,3,4,6,3,3,3,3,3,3,3,3,3,2,3,3,1
cccggg,0,0,0,0,0,0,0,0,2,0,0,0,0,0,0,0,0,0,0,0,0,0,0,0,0,0,0,2,0,2,0,0,0,0,0,0,0,2,2,0,0,0,0,0,0,0,0,0,0,2,0,0,0,0,0,0,0,0,0,0,0,0,0,0,0,0,0,0,0,0,0,0,0,0,0,0,0,0,0,0,0,0,0,0,0,0,0,2,0,0,0,0,0,0,0,0,0,0,0,0,0,0,0,0,0,0,0,0,0,0,0,0,0,0,0,0,0,0,0,0,0,0,2,0,0
ccgcgg,-5,-4,-5,-3,-4,-4,-5,-3,-4,-5,-5,-5,-4,-3,-5,0,-5,-3,-3,-3,-3,-3,-3,-3,-2,-5,-3,-4,-5,-4,-4,-4,-4,-3,-3,-5,-5,-5,-5,-5,-3,-5,-5,-5,-5,-5,-5,-5,-4,-4,-3,-3,-5,-3,-5,-6,-6,-3,-4,-5,-4,-3,-5,-4,-4,-4,-4,-4,-5,-5,-4,-3,-3,-3,-3,-5,-5,-5,-3,-5,-2,-5,-3,-5,-3,-5,-5,-4,-5,-5,-3,-4,-5,-5,-5,-5,-5,-5,-5,-5,-5,-5,-5,-5,-5,-5,-1,-5,-4,-5,-3,-3,-5,-5,-5,-5,-5,-4,-2,-5,-5,-5,-4,-5,-4
cctagg,0,0,0,0,0,0,0,0,0,0,0,0,0,0,0,0,0,0,0,0,0,0,0,0,0,0,0,0,0,0,0,0,0,0,0,0,0,0,0,0,0,0,0,0,0,0,0,0,0,0,0,0,0,0,0,0,0,0,0,0,0,0,0,0,0,0,0,0,0,0,1,0,0,0,0,0,0,0,0,0,0,0,0,0,0,0,0,0,0,0,0,0,0,0,0,0,0,0,0,0,0,0,0,0,0,0,0,0,0,0,0,0,0,0,0,0,0,0,0,0,0,0,0,0,0
ccttgg,0,0,0,0,0,0,0,0,0,0,0,0,0,0,0,0,1,0,0,0,0,0,0,0,0,0,0,0,0,0,0,0,0,0,0,0,0,0,0,0,0,0,0,0,0,0,0,0,0,0,0,0,0,0,0,0,0,0,0,0,0,0,0,0,0,0,0,0,0,0,0,0,0,0,0,0,0,0,0,0,0,0,0,0,0,0,0,0,0,0,0,0,0,0,0,0,0,0,0,0,0,0,0,0,0,0,0,0,0,0,0,0,0,0,0,0,0,0,0,0,0,0,0,0,0
cgatcg,-1,-1,-1,-1,-1,-1,-1,-1,-2,-1,-1,-1,-1,-1,-1,-1,-2,-1,-1,-1,-1,-1,-1,-1,-1,-1,-1,-1,-1,-1,0,0,0,-1,-1,-1,-1,1,1,-1,-1,-1,-1,-1,-1,-1,-1,-1,-1,-2,-1,-1,-1,-1,-1,-1,-1,-1,-1,-2,-1,-1,-1,-1,-1,-1,-1,-1,-1,-1,0,-1,-1,-1,-1,-1,-1,-1,-1,-1,-1,-1,-1,-1,-1,-1,-1,-2,-1,-1,-1,-1,-1,-1,-1,-1,-1,-1,-1,-1,-1,-1,-1,-1,-1,-1,0,-1,-1,-1,-1,1,-1,-1,-1,-1,-1,-2,-2,-1,-1,-1,1,-1,-1
cggcca,0,-2,1,0,0,2,0,0,1,0,0,-1,0,0,-1,3,0,1,1,1,1,1,1,1,2,0,1,0,0,0,-2,-2,-2,1,1,0,0,-3,-3,0,1,0,0,0,0,0,0,0,1,1,1,1,0,1,0,0,0,1,0,0,1,0,0,0,0,0,0,0,-1,0,0,1,1,1,1,0,0,1,0,0,0,0,1,0,0,0,0,1,0,0,1,0,0,0,0,0,0,0,0,0,0,0,0,0,0,0,6,0,1,0,1,0,0,0,0,0,0,0,1,0,0,-1,1,0,0
cggccg,-5,-5,-5,-4,-4,-3,-5,-4,-7,-4,-6,-3,-4,-3,-6,-3,-6,-3,-3,-3,-3,-3,-3,-3,-2,-5,-3,-6,-6,-6,-3,-3,-3,-3,-3,-6,-6,-4,-4,-6,-3,-6,-6,-6,-6,-6,-6,-6,-4,-7,-3,-3,-6,-3,-6,-6,-6,-3,-4,-6,-5,-2,-5,-4,-4,-4,-4,-4,-3,-6,-5,-3,-3,-3,-3,-6,-5,-4,-4,-6,-2,-6,-3,-6,-4,-6,-6,-7,-6,-5,-3,-4,-6,-6,-6,-5,-5,-5,-5,-5,-5,-5,-5,-5,-5,-6,-1,-5,-4,-6,-3,-4,-6,-6,-6,-6,-6,-4,-4,-5,-5,-3,-6,-5,-4
cgtacg,0,0,0,0,0,0,0,0,2,0,0,0,0,0,2,0,0,0,0,0,0,0,0,0,0,0,0,2,0,2,0,0,0,0,0,0,0,0,0,0,0,0,0,0,0,0,0,0,0,2,0,0,0,0,0,0,0,0,0,2,0,0,0,0,0,0,0,0,0,0,1,0,0,0,0,0,0,0,0,0,0,0,0,0,0,0,0,2,0,0,0,0,0,0,0,0,0,0,0,0,0,0,0,0,0,0,0,0,0,0,0,1,0,0,0,0,0,0,0,0,0,0,3,0,0
ctgcag,-11,-15,-11,-19,-14,-10,-12,-19,-19,-12,-17,-12,-9,-9,-18,-14,-19,-6,-6,-6,-6,-6,-6,-6,-5,-11,-6,-11,-16,-11,-15,-15,-15,-6,-6,-17,-17,-5,-5,-17,-6,-17,-17,-17,-17,-17,-17,-17,-10,-19,-6,-6,-15,-6,-17,-14,-14,-6,-18,-15,-18,-12,-11,-18,-18,-18,-18,-18,-12,-17,-10,-6,-6,-6,-6,-17,-12,-11,-19,-17,-6,-16,-6,-17,-19,-17,-17,-19,-17,-12,-6,-17,-17,-17,-15,-12,-12,-12,-12,-12,-12,-12,-12,-12,-12,-17,-2,-11,-17,-17,-6,-9,-17,-17,-17,-17,-17,-13,-11,-11,-11,-10,-10,-11,-9
cttaag,1,0,1,1,1,1,1,1,1,1,1,1,1,1,0,0,0,0,0,0,0,0,0,0,0,1,0,1,1,1,1,1,1,0,0,1,1,2,2,1,0,1,1,1,1,1,1,1,0,1,0,0,1,0,1,1,1,0,1,1,1,0,1,0,0,0,0,0,1,1,0,0,0,0,0,1,1,1,1,1,0,1,0,1,1,1,1,1,1,1,0,1,1,1,1,1,1,1,1,1,1,1,1,1,1,1,0,1,1,1,0,0,1,1,1,1,1,1,1,1,1,1,0,1,1
gaattc,1,0,1,1,1,0,1,1,1,1,1,2,1,1,1,3,1,1,1,1,1,1,1,1,2,1,1,1,1,1,0,0,0,1,1,1,1,1,1,1,1,1,1,1,1,1,1,1,1,1,1,1,0,1,1,1,1,1,1,0,1,1,1,1,1,1,1,1,2,1,1,1,1,1,1,1,1,1,1,1,1,1,1,1,1,1,1,1,1,1,1,1,1,1,1,1,1,1,1,1,1,1,1,1,1,1,3,1,2,1,1,1,1,1,1,1,1,1,3,1,1,2,1,1,1
gacgcc,1,1,1,1,1,2,1,1,1,1,1,0,1,1,1,2,1,1,1,1,1,1,1,1,2,1,1,1,1,1,-1,-1,-1,1,1,1,1,3,3,1,1,1,1,1,1,1,1,1,0,1,1,1,1,1,1,1,1,1,1,1,1,1,1,1,1,1,1,1,0,1,1,1,1,1,1,1,1,1,1,1,1,1,1,1,1,1,1,1,1,1,1,1,1,1,1,1,1,1,1,1,1,1,1,1,1,1,1,1,1,1,1,1,1,1,1,1,1,1,2,1,1,0,1,1,1
gacgtc,1,1,1,1,1,1,1,1,3,1,2,0,1,1,1,0,1,1,1,1,1,1,1,1,0,1,1,3,2,3,0,0,0,1,1,2,2,2,2,2,1,2,2,2,2,2,2,2,1,3,1,1,2,1,2,2,2,1,1,1,1,1,1,1,1,1,1,1,1,2,1,1,1,1,1,2,1,1,1,2,1,2,1,2,1,2,2,3,2,1,1,1,2,2,2,1,1,1,1,1,1,1,1,1,1,2,1,1,1,2,1,1,2,2,2,2,2,2,2,1,1,1,3,1,1
gagccc,-1,-1,-1,-1,-1,-1,-1,-1,-1,-1,-1,-1,-1,0,-1,-1,-1,0,0,0,0,0,0,0,0,-1,0,0,-1,0,-1,-1,-1,0,0,-1,-1,2,2,-1,0,-1,-1,-1,-1,-1,-1,-1,-1,-1,0,0,-1,0,-1,-1,-1,0,-1,-1,-1,-1,-1,-1,-1,-1,-1,-1,-1,-1,0,0,0,0,0,-1,-1,-1,-1,-1,0,-1,0,-1,-1,-1,-1,-1,-1,-1,0,-1,-1,-1,-1,-1,-1,-1,-1,-1,-1,-1,-1,-1,-1,-1,0,-1,-1,-1,0,0,-1,-1,-1,-1,-1,-1,-1,-1,-1,-1,0,-1,-1
gagctc,-2,-2,-2,-2,-2,0,-2,-2,-2,-2,-2,-2,-2,-2,-3,1,-3,-1,-1,-1,-1,-1,-1,-1,-1,-2,-1,-2,-2,-2,-2,-2,-2,-1,-1,-2,-2,-3,-3,-2,-1,-2,-2,-2,-2,-2,-2,-2,-2,-2,-1,-1,-3,-1,-2,-2,-2,-1,-2,-3,-2,-2,-2,-2,-2,-2,-2,-2,-2,-2,-3,-1,-1,-1,-1,-2,-2,-2,-2,-2,-1,-2,-1,-2,-2,-2,-2,-2,-2,-2,-1,-2,-2,-2,-2,-2,-2,-2,-2,-2,-2,-2,-2,-2,-2,-2,-1,-2,-2,-2,0,-3,-2,-2,-2,-2,-2,1,1,-2,-2,-2,-1,-2,-2
gccggc,-6,-7,-6,-5,-6,-8,-6,-5,-11,-6,-8,-6,-6,-6,-8,-2,-8,-8,-8,-8,-8,-8,-8,-8,-7,-6,-8,-13,-8,-13,-7,-7,-7,-8,-8,-8,-8,-11,-11,-8,-8,-8,-8,-8,-8,-8,-8,-8,-6,-11,-8,-8,-9,-8,-8,-8,-8,-8,-6,-8,-6,-4,-6,-4,-4,-4,-4,-4,-6,-8,-12,-8,-8,-8,-8,-8,-6,-6,-5,-8,-8,-8,-8,-8,-5,-8,-7,-11,-8,-6,-8,-6,-8,-8,-8,-6,-6,-6,-6,-6,-6,-6,-6,-6,-6,-8,-1,-6,-5,-8,-8,-12,-8,-8,-8,-8,-8,-8,-6,-6,-6,-6,-12,-6,-5
gccggt,-3,-4,-4,-2,-2,-2,-3,-2,-2,-1,-2,-3,-3,-3,-4,2,-4,-4,-4,-4,-4,-4,-4,-4,-3,-3,-4,-4,-2,-4,1,1,1,-4,-4,-2,-2,-7,-7,-2,-4,-2,-2,-2,-2,-2,-2,-2,-1,-2,-4,-4,-1,-4,-2,-2,-2,-4,-2,-3,-2,-2,-3,-1,-1,-1,-1,-1,-3,-2,-7,-4,-4,-4,-4,-2,-3,-3,-1,-2,-3,-2,-4,-2,-2,-2,-3,-2,-2,-3,-4,-1,-2,-2,-2,-3,-3,-3,-3,-3,-3,-3,-3,-3,-3,-2,0,-3,-1,-2,-4,-5,-2,-2,-2,-2,-2,-2,-2,-3,-3,-3,-3,-3,-1
gcgcgc,1,0,1,3,1,4,1,3,0,2,2,1,2,2,3,3,2,2,2,2,2,2,2,2,3,1,2,1,2,1,4,4,4,2,2,2,2,0,0,2,2,2,2,2,2,2,2,2,3,0,2,2,2,2,2,2,2,2,2,4,1,2,1,2,2,2,2,2,1,2,2,2,2,2,2,2,1,1,3,2,2,2,2,2,3,2,2,0,2,1,2,2,2,2,2,1,1,1,1,1,1,1,1,1,1,2,5,1,1,2,2,2,2,2,2,2,2,1,0,1,1,1,3,1,3
ggcacc,1,2,1,2,2,3,1,2,1,2,2,1,2,2,4,-1,2,3,3,3,3,3,3,3,3,1,3,2,2,2,2,2,2,3,3,2,2,5,5,2,3,2,2,2,2,2,2,2,3,1,3,3,2,3,2,2,2,3,2,4,1,3,1,2,2,2,2,2,1,2,5,3,3,3,3,2,1,1,2,2,3,2,3,2,2,2,2,1,2,1,3,2,2,2,2,1,1,1,1,1,1,1,1,1,1,2,1,1,3,2,3,4,2,2,2,2,2,2,1,1,1,1,2,1,2
ggcgcc,1,0,1,0,0,0,1,0,0,0,-1,0,0,0,1,1,-1,1,1,1,1,1,1,1,1,1,1,0,-1,0,1,1,1,1,1,-1,-1,2,2,-1,1,-1,-1,-1,-1,-1,-1,-1,-1,0,1,1,0,1,-1,-1,-1,1,-1,1,1,1,1,0,0,0,0,0,0,-1,1,1,1,1,1,-1,1,1,0,-1,0,-1,1,-1,0,-1,-1,0,-1,1,1,0,-1,-1,-1,1,1,1,1,1,1,1,1,1,1,-1,2,1,0,-1,1,0,-1,-1,-1,-1,-1,0,1,1,1,0,1,1,0
ggcgtc,0,-2,0,2,1,2,0,2,-1,2,1,2,1,1,-1,2,0,1,1,1,1,1,1,1,1,0,1,-2,1,-2,0,0,0,1,1,1,1,-1,-1,1,1,1,1,1,1,1,1,1,2,-1,1,1,1,1,1,1,1,1,0,0,0,-1,0,2,2,2,2,2,2,1,-2,1,1,1,1,1,0,0,2,1,1,1,1,1,2,1,1,-1,1,0,1,2,1,1,1,0,0,0,0,0,0,0,0,0,0,1,1,0,2,1,1,-2,1,1,1,1,1,2,2,0,0,2,-2,0,2
gggccc,1,1,1,1,1,1,1,1,1,1,1,1,1,1,0,1,1,1,1,1,1,1,1,1,1,1,1,1,1,1,1,1,1,1,1,1,1,0,0,1,1,1,1,1,1,1,1,1,1,1,1,1,1,1,1,1,1,1,1,1,1,1,1,1,1,1,1,1,1,1,0,1,1,1,1,1,1,1,1,1,1,1,1,1,1,1,1,1,1,1,1,1,1,1,1,1,1,1,1,1,1,1,1,1,1,1,2,1,1,1,1,0,1,1,1,1,1,0,0,1,1,1,1,1,1
gggctc,0,0,0,0,0,0,0,0,0,0,0,1,0,0,0,0,0,0,0,0,0,0,0,0,1,0,0,0,0,0,1,1,1,0,0,0,0,0,0,0,0,0,0,0,0,0,0,0,0,0,0,0,0,0,0,0,0,0,0,0,0,0,0,0,0,0,0,0,1,0,0,0,0,0,0,0,0,0,0,0,0,0,0,0,0,0,0,0,0,0,0,0,0,0,0,0,0,0,0,0,0,0,0,0,0,0,2,0,0,0,0,0,0,0,0,0,0,0,0,0,0,1,0,0,0
ggtacc,-1,-1,-1,-1,-1,-1,-1,-1,1,-1,-1,-1,-1,-1,0,-1,-1,-1,-1,-1,-1,-1,-1,-1,-1,-1,-1,1,-1,1,-1,-1,-1,-1,-1,-1,-1,2,2,-1,-1,-1,-1,-1,-1,-1,-1,-1,-1,1,-1,-1,-1,-1,-1,-1,-1,-1,-1,-1,-1,-1,-1,-1,-1,-1,-1,-1,-1,-1,-1,-1,-1,-1,-1,-1,-1,-1,-1,-1,-1,-1,-1,-1,-1,-1,-1,1,-1,-1,-1,-1,-1,-1,-1,-1,-1,-1,-1,-1,-1,-1,-1,-1,-1,-1,-1,-1,-1,-1,-1,0,-1,-1,-1,-1,-1,-1,-1,-1,-1,-1,1,-1,-1
ggtctc,0,0,0,0,0,0,0,0,1,0,0,0,0,0,0,0,0,0,0,0,0,0,0,0,0,0,0,1,0,1,0,0,0,0,0,0,0,1,1,0,0,0,0,0,0,0,0,0,0,1,0,0,0,0,0,0,0,0,0,0,0,0,0,0,0,0,0,0,0,0,0,0,0,0,0,0,0,0,0,0,0,0,0,0,0,0,0,1,0,0,0,0,0,0,0,0,0,0,0,0,0,0,0,0,0,0,0,0,0,0,0,0,0,0,0,0,0,0,0,0,0,0,2,0,0
ggtgcc,3,1,3,3,3,2,3,3,1,3,3,3,3,3,3,3,3,2,2,2,2,2,2,2,2,3,2,1,3,1,3,3,3,2,2,3,3,1,1,3,2,3,3,3,3,3,3,3,3,1,2,2,3,2,3,3,3,2,3,3,3,3,3,3,3,3,3,3,3,3,1,2,2,2,2,3,3,2,3,3,1,3,2,3,3,3,3,1,3,3,2,3,3,3,3,3,3,3,3,3,3,3,3,3,3,3,2,3,3,3,2,1,3,3,3,3,3,2,1,3,3,2,2,3,2
gtatcc,-1,-2,-1,-1,-1,0,-1,-1,2,-1,-1,-2,-2,-2,-1,0,-1,-2,-2,-2,-2,-2,-2,-2,-2,-1,-2,0,-1,0,0,0,0,-2,-2,-1,-1,-3,-3,-1,-2,-1,-1,-1,-1,-1,-1,-1,-1,2,-2,-2,-1,-2,-1,-1,-1,-2,-1,-1,0,-2,-1,-1,-1,-1,-1,-1,-2,-1,-2,-2,-2,-2,-2,-1,-1,-1,-1,-1,-2,-1,-2,-1,-1,-1,-1,2,-1,-1,-2,-1,-1,-1,-1,-1,-1,-1,-1,-1,-1,-1,-1,-1,-1,-1,0,-1,-1,-1,-2,-2,-1,-1,-1,-1,-1,0,0,-1,-1,-2,0,-1,-1
gtcgac,0,0,0,0,0,0,0,0,0,0,0,0,0,0,2,0,0,0,0,0,0,0,0,0,0,0,0,0,0,0,0,0,0,0,0,0,0,1,1,0,0,0,0,0,0,0,0,0,0,0,0,0,0,0,0,0,0,0,0,2,0,0,0,0,0,0,0,0,0,0,2,0,0,0,0,0,0,0,0,0,0,0,0,0,0,0,0,0,0,0,0,0,0,0,0,0,0,0,0,0,0,0,0,0,0,0,0,0,0,0,0,1,0,0,0,0,0,0,0,0,0,0,1,0,0
tccgcc,2,4,3,2,1,2,3,2,3,1,2,2,1,1,2,3,2,5,5,5,5,5,5,5,3,3,5,4,1,4,3,3,3,5,5,2,2,1,1,2,5,2,2,2,2,2,2,2,2,3,5,5,3,5,2,1,1,5,1,0,3,3,3,3,3,3,3,3,2,2,2,5,5,5,5,2,3,3,2,2,5,1,5,2,2,2,2,3,2,3,5,3,2,2,1,3,3,3,3,3,3,3,3,3,3,2,6,3,2,2,5,3,2,2,2,2,2,3,4,3,3,2,5,3,1
tccgcg,3,4,2,2,3,1,3,2,0,2,2,1,2,3,1,0,0,1,1,1,1,1,1,1,1,3,1,0,2,0,3,3,3,1,1,2,2,1,1,2,1,2,2,2,2,2,2,2,3,0,1,1,1,1,2,2,2,1,2,2,3,3,3,1,1,1,1,1,1,2,2,1,1,1,1,2,3,3,2,2,2,2,1,2,2,2,2,0,2,3,1,2,2,2,1,3,3,3,3,3,3,3,3,3,3,2,-1,3,2,2,1,3,2,2,2,2,2,2,2,3,3,1,0,3,2
tccgga,-2,-2,-2,-2,-2,-2,-2,-2,-1,-2,-1,-2,-2,-2,-2,-1,-2,-2,-2,-2,-2,-2,-2,-2,-2,-2,-2,-1,-1,-1,0,0,0,-2,-2,-1,-1,0,0,-1,-2,-1,-1,-1,-1,-1,-1,-1,-2,-1,-2,-2,-1,-2,-1,-1,-1,-2,-2,-2,-2,-2,-2,-2,-2,-2,-2,-2,-2,-1,-3,-2,-2,-2,-2,-1,-2,-3,-2,-1,-2,-1,-2,-1,-2,-1,-1,-1,-1,-2,-2,-2,-1,-1,-1,-2,-2,-2,-2,-2,-2,-2,-2,-2,-2,-1,-2,-2,-3,-1,-2,-3,-1,-1,-1,-1,-1,-1,-1,-2,-2,-2,-1,-2,-2
tccggc,0,3,0,2,0,1,0,2,1,0,0,0,0,1,-1,0,0,2,2,2,2,2,2,2,3,0,2,3,0,3,0,0,0,2,2,0,0,5,5,0,2,0,0,0,0,0,0,0,3,1,2,2,0,2,0,0,0,2,0,1,0,1,0,0,0,0,0,0,0,0,2,2,2,2,2,0,0,0,2,0,2,0,2,0,2,0,0,1,0,0,2,0,0,0,0,0,0,0,0,0,0,0,0,0,0,0,4,0,2,0,2,3,0,0,0,0,0,0,0,0,0,0,3,0,2
tccggg,4,3,4,6,6,6,4,6,4,6,6,5,6,6,3,2,3,6,6,6,6,6,6,6,6,4,6,4,6,4,4,4,4,6,6,6,6,6,6,6,6,6,6,6,6,6,6,6,5,4,6,6,6,6,6,6,6,6,6,6,5,4,4,3,3,3,3,3,5,6,5,6,6,6,6,6,4,4,6,6,5,6,6,6,6,6,6,4,6,4,6,6,6,6,6,4,4,4,4,4,4,4,4,4,4,6,9,4,6,6,6,4,6,6,6,6,6,6,4,4,4,5,4,4,6
tggcca,-7,-11,-7,-15,-8,-8,-8,-15,-12,-7,-11,-10,-9,-11,-13,-12,-14,-11,-11,-11,-11,-11,-11,-11,-11,-7,-11,-11,-10,-11,-14,-14,-14,-11,-11,-11,-11,-11,-11,-11,-11,-11,-11,-11,-11,-11,-11,-11,-8,-12,-11,-11,-11,-11,-11,-8,-8,-10,-12,-12,-11,-14,-7,-13,-13,-13,-13,-13,-10,-11,-12,-11,-11,-11,-11,-11,-8,-7,-15,-11,-5,-10,-11,-11,-15,-11,-12,-12,-11,-8,-11,-13,-11,-11,-9,-8,-8,-8,-8,-8,-8,-8,-8,-8,-8,-11,-9,-7,-12,-11,-11,-8,-11,-11,-11,-11,-11,-10,-9,-7,-7,-8,-9,-7,-5
tggccg,-2,-4,-3,-2,-1,-4,-2,-2,-3,-2,-1,-3,-3,-2,-4,-4,-4,-3,-3,-3,-3,-3,-3,-3,-5,-2,-3,-3,-1,-3,-1,-1,-1,-3,-3,-1,-1,-2,-2,-1,-3,-1,-1,-1,-1,-1,-1,-1,-2,-3,-3,-3,-2,-3,-1,-1,-1,-3,-2,-2,-1,-2,-2,-3,-3,-3,-3,-3,-3,-1,-2,-3,-3,-3,-3,-1,-2,-3,-2,-1,-4,-1,-3,-1,-2,-1,-1,-3,-1,-2,-3,-2,-1,-1,-1,-2,-2,-2,-2,-2,-2,-2,-2,-2,-2,-1,-4,-2,-3,-1,-3,-2,-1,-1,-1,-1,-1,-2,-2,-2,-2,-3,-2,-2,-2
